{
  "0": {
    "precision": 0.8636363636363636,
    "recall": 0.95,
    "f1-score": 0.9047619047619048,
    "support": 20.0
  },
  "1": {
    "precision": 0.8333333333333334,
    "recall": 0.75,
    "f1-score": 0.7894736842105263,
    "support": 20.0
  },
  "2": {
    "precision": 0.8333333333333334,
    "recall": 1.0,
    "f1-score": 0.9090909090909091,
    "support": 20.0
  },
  "3": {
    "precision": 1.0,
    "recall": 0.8,
    "f1-score": 0.8888888888888888,
    "support": 20.0
  },
  "4": {
    "precision": 1.0,
    "recall": 1.0,
    "f1-score": 1.0,
    "support": 20.0
  },
  "accuracy": 0.9,
  "macro avg": {
    "precision": 0.906060606060606,
    "recall": 0.9,
    "f1-score": 0.8984430773904458,
    "support": 100.0
  },
  "weighted avg": {
    "precision": 0.9060606060606061,
    "recall": 0.9,
    "f1-score": 0.8984430773904458,
    "support": 100.0
  }
}