{
  "0": {
    "precision": 0.8235294117647058,
    "recall": 0.7,
    "f1-score": 0.7567567567567568,
    "support": 20.0
  },
  "1": {
    "precision": 0.6,
    "recall": 0.75,
    "f1-score": 0.6666666666666666,
    "support": 20.0
  },
  "2": {
    "precision": 0.7391304347826086,
    "recall": 0.85,
    "f1-score": 0.7906976744186046,
    "support": 20.0
  },
  "3": {
    "precision": 1.0,
    "recall": 0.75,
    "f1-score": 0.8571428571428571,
    "support": 20.0
  },
  "4": {
    "precision": 1.0,
    "recall": 1.0,
    "f1-score": 1.0,
    "support": 20.0
  },
  "accuracy": 0.81,
  "macro avg": {
    "precision": 0.8325319693094629,
    "recall": 0.8099999999999999,
    "f1-score": 0.8142527909969772,
    "support": 100.0
  },
  "weighted avg": {
    "precision": 0.8325319693094628,
    "recall": 0.81,
    "f1-score": 0.814252790996977,
    "support": 100.0
  }
}