{
  "accuracy": 0.9,
  "f1_weighted": 0.8984430773904458,
  "f1_macro": 0.8984430773904458,
  "precision_weighted": 0.9060606060606061,
  "precision_macro": 0.906060606060606,
  "recall_weighted": 0.9,
  "recall_macro": 0.9
}