{
  "epoch": [
    0.00037037037037037035,
    1.0,
    1.0,
    1.0,
    1.0
  ],
  "embedding_loss": [
    0.1474,
    0.0648
  ],
  "eval_embedding_loss": [
    0.09179630130529404
  ],
  "grad_norm": [
    1.6248805522918701,
    0.0649326890707016
  ],
  "learning_rate": [
    0.0,
    8.23045267489712e-09
  ],
  "eval_embedding_runtime": [
    118.7121
  ],
  "eval_embedding_samples_per_second": [
    16.847
  ],
  "eval_embedding_steps_per_second": [
    4.212
  ],
  "train_runtime": [
    2943.9747
  ],
  "train_samples_per_second": [
    3.669
  ],
  "train_steps_per_second": [
    0.917
  ],
  "total_flos": [
    0.0
  ],
  "train_loss": [
    0.064856026917696
  ]
}